Size,Seed,MatrixOrList,Time
20,0.4,list,0.000993967056274414
20,0.4,list,0.0009090900421142578
20,0.4,list,0.0007538795471191406
20,0.4,list,0.0009887218475341797
20,0.5,list,0.0012638568878173828
20,0.5,list,0.00107574462890625
20,0.5,list,0.001332998275756836
20,0.5,list,0.0011179447174072266
20,0.6,list,0.0015101432800292969
20,0.6,list,0.001516103744506836
20,0.6,list,0.0015599727630615234
20,0.6,list,0.0014820098876953125
20,0.7,list,0.0019681453704833984
20,0.7,list,0.0020208358764648438
20,0.7,list,0.0018029212951660156
20,0.7,list,0.0019021034240722656
20,0.8,list,0.002620220184326172
20,0.8,list,0.00222015380859375
20,0.8,list,0.0019562244415283203
20,0.8,list,0.002213001251220703
40,0.4,list,0.015215158462524414
40,0.4,list,0.01604318618774414
40,0.4,list,0.014432668685913086
40,0.4,list,0.015964031219482422
40,0.5,list,0.01951313018798828
40,0.5,list,0.01972508430480957
40,0.5,list,0.01894521713256836
40,0.5,list,0.020496845245361328
40,0.6,list,0.024661779403686523
40,0.6,list,0.024049043655395508
40,0.6,list,0.02259087562561035
40,0.6,list,0.02210402488708496
40,0.7,list,0.02860713005065918
40,0.7,list,0.0285189151763916
40,0.7,list,0.027625083923339844
40,0.7,list,0.028525114059448242
40,0.8,list,0.03275108337402344
40,0.8,list,0.032591819763183594
40,0.8,list,0.03242063522338867
40,0.8,list,0.03201484680175781
60,0.4,list,0.0731809139251709
60,0.4,list,0.07406497001647949
60,0.4,list,0.08535504341125488
60,0.4,list,0.07655906677246094
60,0.5,list,0.09805107116699219
60,0.5,list,0.09682130813598633
60,0.5,list,0.09442305564880371
60,0.5,list,0.09422421455383301
60,0.6,list,0.12074995040893555
60,0.6,list,0.12166905403137207
60,0.6,list,0.1194150447845459
60,0.6,list,0.1193850040435791
60,0.7,list,0.14123797416687012
60,0.7,list,0.1400303840637207
60,0.7,list,0.14096999168395996
60,0.7,list,0.13898015022277832
60,0.8,list,0.16156005859375
60,0.8,list,0.1694929599761963
60,0.8,list,0.16642403602600098
60,0.8,list,0.1633908748626709
80,0.4,list,0.263599157333374
80,0.4,list,0.24618887901306152
80,0.4,list,0.2482759952545166
80,0.4,list,0.24122905731201172
80,0.5,list,0.31943678855895996
80,0.5,list,0.308351993560791
80,0.5,list,0.3131449222564697
80,0.5,list,0.2971768379211426
80,0.6,list,0.36902499198913574
80,0.6,list,0.36577820777893066
80,0.6,list,0.37682676315307617
80,0.6,list,0.37232422828674316
80,0.7,list,0.4517068862915039
80,0.7,list,0.4612879753112793
80,0.7,list,0.4538869857788086
80,0.7,list,0.4327230453491211
80,0.8,list,0.5049829483032227
80,0.8,list,0.4977381229400635
80,0.8,list,0.49904513359069824
80,0.8,list,0.5053601264953613
100,0.4,list,0.5844871997833252
100,0.4,list,0.5940258502960205
100,0.4,list,0.6049847602844238
100,0.4,list,0.5813868045806885
100,0.5,list,0.7562592029571533
100,0.5,list,0.7421109676361084
100,0.5,list,0.7484450340270996
100,0.5,list,0.763200044631958
100,0.6,list,0.9267971515655518
100,0.6,list,0.8954589366912842
100,0.6,list,0.9035930633544922
100,0.6,list,0.901191234588623
100,0.7,list,1.0617668628692627
100,0.7,list,1.0527451038360596
100,0.7,list,1.0575249195098877
100,0.7,list,1.0868589878082275
100,0.8,list,1.2301418781280518
100,0.8,list,1.2184691429138184
100,0.8,list,1.222397804260254
100,0.8,list,1.2169747352600098
120,0.4,list,1.1795032024383545
120,0.4,list,1.216033935546875
120,0.4,list,1.2373738288879395
120,0.4,list,1.2253713607788086
120,0.5,list,1.5246760845184326
120,0.5,list,1.5550827980041504
120,0.5,list,1.545531988143921
120,0.5,list,1.5550251007080078
120,0.6,list,1.9076590538024902
120,0.6,list,1.8630931377410889
120,0.6,list,1.8747000694274902
120,0.6,list,1.8483240604400635
120,0.7,list,2.2543981075286865
120,0.7,list,2.1544899940490723
120,0.7,list,2.1590640544891357
120,0.7,list,2.1941802501678467
120,0.8,list,2.5472240447998047
120,0.8,list,2.4898998737335205
120,0.8,list,2.5180280208587646
120,0.8,list,2.554701089859009
140,0.4,list,2.2513370513916016
140,0.4,list,2.256377935409546
140,0.4,list,2.194869041442871
140,0.4,list,2.268773078918457
140,0.5,list,2.8039658069610596
140,0.5,list,2.830173969268799
140,0.5,list,2.8886592388153076
140,0.5,list,2.8501951694488525
140,0.6,list,3.4602720737457275
140,0.6,list,3.4797582626342773
140,0.6,list,3.4484033584594727
140,0.6,list,3.4841649532318115
140,0.7,list,3.9556009769439697
140,0.7,list,4.054754972457886
140,0.7,list,4.405097007751465
140,0.7,list,9.543620824813843
140,0.8,list,4.652480125427246
140,0.8,list,4.6965720653533936
140,0.8,list,4.6840150356292725
140,0.8,list,4.63220477104187
160,0.4,list,3.8883919715881348
160,0.4,list,3.8029003143310547
160,0.4,list,3.8599090576171875
160,0.4,list,3.9098358154296875
160,0.5,list,4.881736993789673
160,0.5,list,4.8863139152526855
160,0.5,list,5.01068902015686
160,0.5,list,4.855291843414307
160,0.6,list,5.850843191146851
160,0.6,list,5.948027849197388
160,0.6,list,5.848116874694824
160,0.6,list,5.9130330085754395
160,0.7,list,6.8749611377716064
160,0.7,list,6.947927951812744
160,0.7,list,6.931599140167236
160,0.7,list,6.8829121589660645
160,0.8,list,7.898133039474487
160,0.8,list,7.863515853881836
160,0.8,list,7.996739864349365
160,0.8,list,7.961010932922363
180,0.4,list,6.227938652038574
180,0.4,list,6.244133234024048
180,0.4,list,6.165432691574097
180,0.4,list,6.243393898010254
180,0.5,list,7.826138019561768
180,0.5,list,7.807058095932007
180,0.5,list,7.768021106719971
180,0.5,list,7.817849159240723
180,0.6,list,9.405725002288818
180,0.6,list,9.319453954696655
180,0.6,list,14.717330932617188
180,0.6,list,9.501779079437256
180,0.7,list,10.999456882476807
180,0.7,list,11.01382827758789
180,0.7,list,10.981913089752197
180,0.7,list,11.076089143753052
180,0.8,list,12.565770864486694
180,0.8,list,12.699243068695068
180,0.8,list,12.531438112258911
180,0.8,list,12.582834959030151
200,0.4,list,39.68307971954346
200,0.4,list,9.605293989181519
200,0.4,list,21.706433057785034
200,0.4,list,9.455543756484985
200,0.5,list,11.817902088165283
200,0.5,list,15.041416883468628
200,0.5,list,11.90416693687439
200,0.5,list,11.856709241867065
200,0.6,list,14.326180219650269
200,0.6,list,14.30660891532898
200,0.6,list,14.426074981689453
200,0.6,list,14.54001784324646
200,0.7,list,16.874305248260498
200,0.7,list,17.163392066955566
200,0.7,list,16.98322367668152
200,0.7,list,16.798897981643677
200,0.8,list,19.27508306503296
200,0.8,list,19.17444109916687
200,0.8,list,19.34794282913208
200,0.8,list,19.148788928985596
20,0.4,list,0.0009050369262695312
20,0.4,list,0.0009601116180419922
20,0.4,list,0.0010800361633300781
20,0.4,list,0.0008571147918701172
20,0.4,list,0.0010952949523925781
20,0.4,list,0.0008630752563476562
20,0.4,list,0.0007822513580322266
20,0.4,list,0.0008909702301025391
20,0.5,list,0.0013780593872070312
20,0.5,list,0.0011870861053466797
20,0.5,list,0.0012140274047851562
20,0.5,list,0.0011610984802246094
20,0.5,list,0.0013642311096191406
20,0.5,list,0.001222848892211914
20,0.5,list,0.0010938644409179688
20,0.5,list,0.0014138221740722656
20,0.6,list,0.001583099365234375
20,0.6,list,0.001644134521484375
20,0.6,list,0.001680135726928711
20,0.6,list,0.0015599727630615234
20,0.6,list,0.0013589859008789062
20,0.6,list,0.0015301704406738281
20,0.6,list,0.0014619827270507812
20,0.6,list,0.0018358230590820312
20,0.7,list,0.0018889904022216797
20,0.7,list,0.0019881725311279297
20,0.7,list,0.001825094223022461
20,0.7,list,0.0019421577453613281
20,0.7,list,0.0017750263214111328
20,0.7,list,0.002115011215209961
20,0.7,list,0.0020749568939208984
20,0.7,list,0.0018949508666992188
20,0.8,list,0.002254962921142578
20,0.8,list,0.0023429393768310547
20,0.8,list,0.002142190933227539
20,0.8,list,0.0021750926971435547
20,0.8,list,0.002178668975830078
20,0.8,list,0.0021097660064697266
20,0.8,list,0.002222776412963867
20,0.8,list,0.0021338462829589844
40,0.4,list,0.014954090118408203
40,0.4,list,0.014094829559326172
40,0.4,list,0.014220714569091797
40,0.4,list,0.014022111892700195
40,0.4,list,0.015697956085205078
40,0.4,list,0.014365196228027344
40,0.4,list,0.01613903045654297
40,0.4,list,0.014986038208007812
40,0.5,list,0.01993107795715332
40,0.5,list,0.01953601837158203
40,0.5,list,0.018456220626831055
40,0.5,list,0.018688678741455078
40,0.5,list,0.019162893295288086
40,0.5,list,0.019122838973999023
40,0.5,list,0.019791841506958008
40,0.5,list,0.019922256469726562
40,0.6,list,0.023069143295288086
40,0.6,list,0.023632287979125977
40,0.6,list,0.023890972137451172
40,0.6,list,0.02255105972290039
40,0.6,list,0.02240896224975586
40,0.6,list,0.02399611473083496
40,0.6,list,0.02417278289794922
40,0.6,list,0.022938966751098633
40,0.7,list,0.028712749481201172
40,0.7,list,0.027548789978027344
40,0.7,list,0.028670072555541992
40,0.7,list,0.02898716926574707
40,0.7,list,0.02872490882873535
40,0.7,list,0.0276339054107666
40,0.7,list,0.027293920516967773
40,0.7,list,0.026659011840820312
40,0.8,list,0.03272819519042969
40,0.8,list,0.031584978103637695
40,0.8,list,0.03269791603088379
40,0.8,list,0.032109975814819336
40,0.8,list,0.03203392028808594
40,0.8,list,0.03411674499511719
40,0.8,list,0.034188032150268555
40,0.8,list,0.03297924995422363
60,0.4,list,0.07874584197998047
60,0.4,list,0.07522392272949219
60,0.4,list,0.08104085922241211
60,0.4,list,0.07541608810424805
60,0.4,list,0.07970809936523438
60,0.4,list,0.07129812240600586
60,0.4,list,0.07536673545837402
60,0.4,list,0.07560896873474121
60,0.5,list,0.1002662181854248
60,0.5,list,0.1045689582824707
60,0.5,list,0.1120309829711914
60,0.5,list,0.10497832298278809
60,0.5,list,0.10309028625488281
60,0.5,list,0.10275483131408691
60,0.5,list,0.11016225814819336
60,0.5,list,0.10418891906738281
60,0.6,list,0.1177983283996582
60,0.6,list,0.11881399154663086
60,0.6,list,0.12634611129760742
60,0.6,list,0.12159299850463867
60,0.6,list,0.12329506874084473
60,0.6,list,0.12114405632019043
60,0.6,list,0.11825108528137207
60,0.6,list,0.12210607528686523
60,0.7,list,0.13973712921142578
60,0.7,list,0.1426858901977539
60,0.7,list,0.13925886154174805
60,0.7,list,0.13711309432983398
60,0.7,list,0.13883209228515625
60,0.7,list,0.14322829246520996
60,0.7,list,0.1430950164794922
60,0.7,list,0.1410677433013916
60,0.8,list,0.1602029800415039
60,0.8,list,0.16145992279052734
60,0.8,list,0.15925312042236328
60,0.8,list,0.16080498695373535
60,0.8,list,0.16132211685180664
60,0.8,list,0.1562330722808838
60,0.8,list,0.15933704376220703
60,0.8,list,0.15937209129333496
80,0.4,list,0.2464292049407959
80,0.4,list,0.23370695114135742
80,0.4,list,0.242750883102417
80,0.4,list,0.24458813667297363
80,0.4,list,0.2389669418334961
80,0.4,list,0.2427530288696289
80,0.4,list,0.24643206596374512
80,0.4,list,0.24793195724487305
80,0.5,list,0.29500699043273926
80,0.5,list,0.30705904960632324
80,0.5,list,0.29846811294555664
80,0.5,list,0.3188748359680176
80,0.5,list,0.30614590644836426
80,0.5,list,0.30071306228637695
80,0.5,list,0.3051121234893799
80,0.5,list,0.3001718521118164
80,0.6,list,0.3883540630340576
80,0.6,list,0.3901669979095459
80,0.6,list,0.3753938674926758
80,0.6,list,0.37004899978637695
80,0.6,list,0.3743910789489746
80,0.6,list,0.3608520030975342
80,0.6,list,0.37633395195007324
80,0.6,list,0.36410093307495117
80,0.7,list,0.43610191345214844
80,0.7,list,0.43831801414489746
80,0.7,list,0.4453577995300293
80,0.7,list,0.43608713150024414
80,0.7,list,0.43868327140808105
80,0.7,list,0.43546390533447266
80,0.7,list,0.44634103775024414
80,0.7,list,0.44290614128112793
80,0.8,list,0.49190211296081543
80,0.8,list,0.5052759647369385
80,0.8,list,0.5052223205566406
80,0.8,list,0.5346298217773438
80,0.8,list,0.5193221569061279
80,0.8,list,0.4999971389770508
80,0.8,list,0.5064370632171631
80,0.8,list,0.5017638206481934
100,0.4,list,0.584212064743042
100,0.4,list,0.5773458480834961
100,0.4,list,0.6184608936309814
100,0.4,list,0.5834388732910156
100,0.4,list,0.5907998085021973
100,0.4,list,0.5823848247528076
100,0.4,list,0.5746140480041504
100,0.4,list,0.5862910747528076
100,0.5,list,0.7579882144927979
100,0.5,list,0.738163948059082
100,0.5,list,0.7681179046630859
100,0.5,list,0.7407441139221191
100,0.5,list,0.7455489635467529
100,0.5,list,0.7488372325897217
100,0.5,list,0.7432787418365479
100,0.5,list,0.7382111549377441
100,0.6,list,0.889793872833252
100,0.6,list,0.9093489646911621
100,0.6,list,0.8926517963409424
100,0.6,list,0.8859469890594482
100,0.6,list,0.9583427906036377
100,0.6,list,0.9148378372192383
100,0.6,list,0.8930268287658691
100,0.6,list,0.8992347717285156
100,0.7,list,1.0571801662445068
100,0.7,list,1.0439801216125488
100,0.7,list,1.0502738952636719
100,0.7,list,1.069958209991455
100,0.7,list,1.0761449337005615
100,0.7,list,1.0793390274047852
100,0.7,list,1.0659351348876953
100,0.7,list,1.0650382041931152
100,0.8,list,1.2155001163482666
100,0.8,list,1.212244987487793
100,0.8,list,1.232823133468628
100,0.8,list,1.2541470527648926
100,0.8,list,1.2070870399475098
100,0.8,list,1.216360092163086
100,0.8,list,1.2253520488739014
100,0.8,list,1.201261043548584
120,0.4,list,1.2305679321289062
120,0.4,list,1.207064151763916
120,0.4,list,1.2841789722442627
120,0.4,list,1.2143218517303467
120,0.4,list,1.2338120937347412
120,0.4,list,1.215311050415039
120,0.4,list,1.2150211334228516
120,0.4,list,1.2013680934906006
120,0.5,list,1.527970790863037
120,0.5,list,1.550680160522461
120,0.5,list,1.5716991424560547
120,0.5,list,1.5244333744049072
120,0.5,list,1.5075922012329102
120,0.5,list,1.501086950302124
120,0.5,list,1.5975258350372314
120,0.5,list,1.5579259395599365
120,0.6,list,1.8565409183502197
120,0.6,list,1.850412130355835
120,0.6,list,1.824620008468628
120,0.6,list,1.909214973449707
120,0.6,list,1.8605449199676514
120,0.6,list,1.8280761241912842
120,0.6,list,1.879612922668457
120,0.6,list,1.8559167385101318
120,0.7,list,2.180833101272583
120,0.7,list,2.193432092666626
120,0.7,list,2.176729202270508
120,0.7,list,2.2277672290802
120,0.7,list,2.1569550037384033
120,0.7,list,2.197052001953125
120,0.7,list,2.1668291091918945
120,0.7,list,2.2301759719848633
120,0.8,list,2.4973220825195312
120,0.8,list,2.4856879711151123
120,0.8,list,2.5398828983306885
120,0.8,list,2.5061678886413574
120,0.8,list,2.4861741065979004
120,0.8,list,2.571808338165283
120,0.8,list,2.4958879947662354
120,0.8,list,2.4999301433563232
140,0.4,list,2.2878730297088623
140,0.4,list,2.2891018390655518
140,0.4,list,2.2827558517456055
140,0.4,list,2.2743988037109375
140,0.4,list,2.2561020851135254
140,0.4,list,2.2775189876556396
140,0.4,list,2.2462880611419678
140,0.4,list,2.269623041152954
140,0.5,list,2.9255449771881104
140,0.5,list,2.8229570388793945
140,0.5,list,2.828629970550537
140,0.5,list,2.9041588306427
140,0.5,list,2.8588926792144775
140,0.5,list,2.817979097366333
140,0.5,list,2.872239828109741
140,0.5,list,2.85575008392334
140,0.6,list,3.526872158050537
140,0.6,list,3.4531736373901367
140,0.6,list,3.4867820739746094
140,0.6,list,3.479658603668213
140,0.6,list,3.4520370960235596
140,0.6,list,3.469578981399536
140,0.6,list,3.3899788856506348
140,0.6,list,3.4343039989471436
140,0.7,list,4.134921073913574
140,0.7,list,4.024080991744995
140,0.7,list,4.049941062927246
140,0.7,list,4.024022102355957
140,0.7,list,4.07542872428894
140,0.7,list,3.942780017852783
140,0.7,list,4.058675289154053
140,0.7,list,4.0131049156188965
140,0.8,list,4.667528867721558
140,0.8,list,4.677222013473511
140,0.8,list,4.622981786727905
140,0.8,list,4.631108999252319
140,0.8,list,4.672904014587402
140,0.8,list,4.697422981262207
140,0.8,list,4.6353759765625
140,0.8,list,4.662176847457886
160,0.4,list,3.926356077194214
160,0.4,list,3.9216647148132324
160,0.4,list,3.877077341079712
160,0.4,list,3.898327112197876
160,0.4,list,3.90864896774292
160,0.4,list,3.908397912979126
160,0.4,list,3.9061310291290283
160,0.4,list,3.9067599773406982
160,0.5,list,4.887639999389648
160,0.5,list,4.979793310165405
160,0.5,list,4.873484134674072
160,0.5,list,4.8632941246032715
160,0.5,list,4.847779750823975
160,0.5,list,4.868030071258545
160,0.5,list,4.850071907043457
160,0.5,list,4.9109649658203125
160,0.6,list,5.959857940673828
160,0.6,list,5.931444883346558
160,0.6,list,5.858119964599609
160,0.6,list,5.892836809158325
160,0.6,list,5.930700063705444
160,0.6,list,5.888885974884033
160,0.6,list,5.8532562255859375
160,0.6,list,5.911879301071167
160,0.7,list,6.929806232452393
160,0.7,list,6.975926160812378
160,0.7,list,6.971498012542725
160,0.7,list,6.978094816207886
160,0.7,list,6.939646005630493
160,0.7,list,6.859692811965942
160,0.7,list,6.890752077102661
160,0.7,list,6.923510789871216
160,0.8,list,7.893065929412842
160,0.8,list,7.907719135284424
160,0.8,list,7.977350950241089
160,0.8,list,7.955895185470581
160,0.8,list,8.027047157287598
160,0.8,list,7.9604761600494385
160,0.8,list,7.899070978164673
160,0.8,list,7.933733940124512
180,0.4,list,6.21957802772522
180,0.4,list,6.252964973449707
180,0.4,list,6.040056228637695
180,0.4,list,6.33050799369812
180,0.4,list,6.390878915786743
180,0.4,list,6.168356895446777
180,0.4,list,6.392570734024048
180,0.4,list,6.294702053070068
180,0.5,list,7.910568952560425
180,0.5,list,7.682007074356079
180,0.5,list,7.779909133911133
180,0.5,list,7.812166213989258
180,0.5,list,7.740952730178833
180,0.5,list,7.759855031967163
180,0.5,list,7.877898931503296
180,0.5,list,7.875126123428345
180,0.6,list,9.456237077713013
180,0.6,list,9.468918085098267
180,0.6,list,9.507543087005615
180,0.6,list,9.398338079452515
180,0.6,list,9.475207090377808
180,0.6,list,9.39800214767456
180,0.6,list,9.473191738128662
180,0.6,list,9.540744066238403
180,0.7,list,10.91696310043335
180,0.7,list,10.993211030960083
180,0.7,list,10.988487958908081
180,0.7,list,11.004435777664185
180,0.7,list,11.106864929199219
180,0.7,list,11.135061025619507
180,0.7,list,11.109704971313477
180,0.7,list,11.026434183120728
180,0.8,list,12.743490934371948
180,0.8,list,12.796207189559937
180,0.8,list,12.7140052318573
180,0.8,list,12.685003995895386
180,0.8,list,12.653548240661621
180,0.8,list,12.612569808959961
180,0.8,list,12.605759859085083
180,0.8,list,12.654572010040283
200,0.4,list,9.336360216140747
200,0.4,list,9.497555017471313
200,0.4,list,9.547675132751465
200,0.4,list,9.540559768676758
200,0.4,list,9.643756628036499
200,0.4,list,9.470373153686523
200,0.4,list,9.472284317016602
200,0.4,list,9.689126968383789
200,0.5,list,12.33276104927063
200,0.5,list,11.99228310585022
200,0.5,list,11.731661796569824
200,0.5,list,12.035903215408325
200,0.5,list,11.860462665557861
200,0.5,list,11.936691999435425
200,0.5,list,11.98229718208313
200,0.5,list,11.863994836807251
200,0.6,list,14.387639045715332
200,0.6,list,14.455570936203003
200,0.6,list,14.375589847564697
200,0.6,list,14.3574960231781
200,0.6,list,14.446197032928467
200,0.6,list,14.494444131851196
200,0.6,list,14.484825134277344
200,0.6,list,14.401310920715332
200,0.7,list,16.685850143432617
200,0.7,list,16.762746810913086
200,0.7,list,16.926637887954712
200,0.7,list,16.732688903808594
200,0.7,list,17.013254165649414
200,0.7,list,16.875980138778687
200,0.7,list,16.919466018676758
200,0.7,list,16.807812690734863
200,0.8,list,19.312346696853638
200,0.8,list,19.292686700820923
200,0.8,list,19.269404888153076
200,0.8,list,19.263145923614502
200,0.8,list,19.23477292060852
200,0.8,list,19.221548080444336
200,0.8,list,19.199851989746094
200,0.8,list,19.160709142684937
20,0.4,list,0.001331329345703125
20,0.4,list,0.0009112358093261719
20,0.4,list,0.0008709430694580078
20,0.4,list,0.0008568763732910156
20,0.4,list,0.0009298324584960938
20,0.4,list,0.0011229515075683594
20,0.4,list,0.0010662078857421875
20,0.4,list,0.0009620189666748047
20,0.5,list,0.0014338493347167969
20,0.5,list,0.0013189315795898438
20,0.5,list,0.001428842544555664
20,0.5,list,0.00125885009765625
20,0.5,list,0.0012028217315673828
20,0.5,list,0.0013208389282226562
20,0.5,list,0.0013117790222167969
20,0.5,list,0.0013699531555175781
20,0.6,list,0.0017359256744384766
20,0.6,list,0.0014851093292236328
20,0.6,list,0.0014247894287109375
20,0.6,list,0.0014641284942626953
20,0.6,list,0.0014891624450683594
20,0.6,list,0.0013298988342285156
20,0.6,list,0.001589059829711914
20,0.6,list,0.001425027847290039
20,0.7,list,0.0016560554504394531
20,0.7,list,0.0017611980438232422
20,0.7,list,0.0019421577453613281
20,0.7,list,0.0019462108612060547
20,0.7,list,0.0019328594207763672
20,0.7,list,0.0017609596252441406
20,0.7,list,0.0019152164459228516
20,0.7,list,0.0018911361694335938
20,0.8,list,0.0021691322326660156
20,0.8,list,0.002101898193359375
20,0.8,list,0.002096891403198242
20,0.8,list,0.002086162567138672
20,0.8,list,0.002129077911376953
20,0.8,list,0.002118825912475586
20,0.8,list,0.0020127296447753906
20,0.8,list,0.0020532608032226562
40,0.4,list,0.01593804359436035
40,0.4,list,0.014515876770019531
40,0.4,list,0.015487909317016602
40,0.4,list,0.013775110244750977
40,0.4,list,0.015226125717163086
40,0.4,list,0.014681816101074219
40,0.4,list,0.016352176666259766
40,0.4,list,0.015004873275756836
40,0.5,list,0.018862247467041016
40,0.5,list,0.019052743911743164
40,0.5,list,0.019541025161743164
40,0.5,list,0.0187530517578125
40,0.5,list,0.020344972610473633
40,0.5,list,0.018523693084716797
40,0.5,list,0.018821239471435547
40,0.5,list,0.0198209285736084
40,0.6,list,0.024235010147094727
40,0.6,list,0.02423715591430664
40,0.6,list,0.023326873779296875
40,0.6,list,0.0246427059173584
40,0.6,list,0.02379322052001953
40,0.6,list,0.02368307113647461
40,0.6,list,0.023350000381469727
40,0.6,list,0.025057077407836914
40,0.7,list,0.02781987190246582
40,0.7,list,0.0269320011138916
40,0.7,list,0.029078006744384766
40,0.7,list,0.027714014053344727
40,0.7,list,0.028748035430908203
40,0.7,list,0.02850198745727539
40,0.7,list,0.028712987899780273
40,0.7,list,0.02810382843017578
40,0.8,list,0.03203892707824707
40,0.8,list,0.033041954040527344
40,0.8,list,0.03163576126098633
40,0.8,list,0.033709049224853516
40,0.8,list,0.03194284439086914
40,0.8,list,0.03249788284301758
40,0.8,list,0.03203988075256348
40,0.8,list,0.03309011459350586
60,0.4,list,0.07499313354492188
60,0.4,list,0.07928586006164551
60,0.4,list,0.07994389533996582
60,0.4,list,0.07999706268310547
60,0.4,list,0.07612276077270508
60,0.4,list,0.07449889183044434
60,0.4,list,0.07792496681213379
60,0.4,list,0.07716488838195801
60,0.5,list,0.10201597213745117
60,0.5,list,0.10231685638427734
60,0.5,list,0.09522819519042969
60,0.5,list,0.10285115242004395
60,0.5,list,0.0972590446472168
60,0.5,list,0.09978818893432617
60,0.5,list,0.09632110595703125
60,0.5,list,0.09824204444885254
60,0.6,list,0.11912107467651367
60,0.6,list,0.1184840202331543
60,0.6,list,0.11985516548156738
60,0.6,list,0.12458610534667969
60,0.6,list,0.12197995185852051
60,0.6,list,0.11873412132263184
60,0.6,list,0.1236121654510498
60,0.6,list,0.12248587608337402
60,0.7,list,0.1415867805480957
60,0.7,list,0.14224791526794434
60,0.7,list,0.15136504173278809
60,0.7,list,0.15337610244750977
60,0.7,list,0.146651029586792
60,0.7,list,0.1508619785308838
60,0.7,list,0.14218616485595703
60,0.7,list,0.1475059986114502
60,0.8,list,0.16332006454467773
60,0.8,list,0.1661989688873291
60,0.8,list,0.1605520248413086
60,0.8,list,0.15842390060424805
60,0.8,list,0.16199707984924316
60,0.8,list,0.16151785850524902
60,0.8,list,0.16248393058776855
60,0.8,list,0.15954208374023438
80,0.4,list,0.2519497871398926
80,0.4,list,0.22674107551574707
80,0.4,list,0.24415016174316406
80,0.4,list,0.2457418441772461
80,0.4,list,0.24016213417053223
80,0.4,list,0.24444222450256348
80,0.4,list,0.2358717918395996
80,0.4,list,0.23365020751953125
80,0.5,list,0.2935760021209717
80,0.5,list,0.30562376976013184
80,0.5,list,0.3038609027862549
80,0.5,list,0.3112483024597168
80,0.5,list,0.3037989139556885
80,0.5,list,0.3076479434967041
80,0.5,list,0.30519604682922363
80,0.5,list,0.29387331008911133
80,0.6,list,0.3792300224304199
80,0.6,list,0.37233591079711914
80,0.6,list,0.3604600429534912
80,0.6,list,0.37610387802124023
80,0.6,list,0.3842649459838867
80,0.6,list,0.38983702659606934
80,0.6,list,0.3882129192352295
80,0.6,list,0.387423038482666
80,0.7,list,0.4406399726867676
80,0.7,list,0.4343760013580322
80,0.7,list,0.4398171901702881
80,0.7,list,0.43164491653442383
80,0.7,list,0.4300220012664795
80,0.7,list,0.437330961227417
80,0.7,list,0.44591593742370605
80,0.7,list,0.44146013259887695
80,0.8,list,0.5076189041137695
80,0.8,list,0.5022792816162109
80,0.8,list,0.5030169486999512
80,0.8,list,0.5059311389923096
80,0.8,list,0.5065069198608398
80,0.8,list,0.5046782493591309
80,0.8,list,0.5091710090637207
80,0.8,list,0.530689001083374
100,0.4,list,0.616905927658081
100,0.4,list,0.5868611335754395
100,0.4,list,0.5866260528564453
100,0.4,list,0.6070137023925781
100,0.4,list,0.5984840393066406
100,0.4,list,0.5800371170043945
100,0.4,list,0.5908689498901367
100,0.4,list,0.602787971496582
100,0.5,list,0.7607741355895996
100,0.5,list,0.7567439079284668
100,0.5,list,0.7512187957763672
100,0.5,list,0.7307960987091064
100,0.5,list,0.7800078392028809
100,0.5,list,0.7632818222045898
100,0.5,list,0.745081901550293
100,0.5,list,0.7405281066894531
100,0.6,list,0.9093451499938965
100,0.6,list,0.9154801368713379
100,0.6,list,0.9014420509338379
100,0.6,list,0.9197709560394287
100,0.6,list,0.8946230411529541
100,0.6,list,0.9260330200195312
100,0.6,list,0.923504114151001
100,0.6,list,0.918630838394165
100,0.7,list,1.0599751472473145
100,0.7,list,1.065882921218872
100,0.7,list,1.0651748180389404
100,0.7,list,1.0634779930114746
100,0.7,list,1.0647411346435547
100,0.7,list,1.0581769943237305
100,0.7,list,1.121424913406372
100,0.7,list,1.0524098873138428
100,0.8,list,1.2256090641021729
100,0.8,list,1.2447588443756104
100,0.8,list,1.2363290786743164
100,0.8,list,1.227607011795044
100,0.8,list,1.2488877773284912
100,0.8,list,1.248967170715332
100,0.8,list,1.2421340942382812
100,0.8,list,1.2342510223388672
120,0.4,list,1.2595341205596924
120,0.4,list,1.1930210590362549
120,0.4,list,1.2441518306732178
120,0.4,list,1.2864220142364502
120,0.4,list,1.26419997215271
120,0.4,list,1.2096450328826904
120,0.4,list,1.2336039543151855
120,0.4,list,1.238353967666626
120,0.5,list,1.55902099609375
120,0.5,list,1.5877299308776855
120,0.5,list,1.5849411487579346
120,0.5,list,1.5516242980957031
120,0.5,list,1.6043329238891602
120,0.5,list,1.510002851486206
120,0.5,list,1.5049970149993896
120,0.5,list,1.5944199562072754
120,0.6,list,1.8593947887420654
120,0.6,list,1.8698837757110596
120,0.6,list,1.8675141334533691
120,0.6,list,1.891676902770996
120,0.6,list,1.8957140445709229
120,0.6,list,1.8693921566009521
120,0.6,list,1.896660327911377
120,0.6,list,1.852895975112915
120,0.7,list,2.243403911590576
120,0.7,list,2.189811944961548
120,0.7,list,2.2018070220947266
120,0.7,list,2.202316999435425
120,0.7,list,2.1847269535064697
120,0.7,list,2.1784403324127197
120,0.7,list,2.207977056503296
120,0.7,list,2.2581870555877686
120,0.8,list,2.5416550636291504
120,0.8,list,2.5185370445251465
120,0.8,list,2.5710511207580566
120,0.8,list,2.533950090408325
120,0.8,list,2.4975810050964355
120,0.8,list,2.5428929328918457
120,0.8,list,2.527878999710083
120,0.8,list,2.532823085784912
140,0.4,list,2.309262752532959
140,0.4,list,2.3202219009399414
140,0.4,list,2.301522970199585
140,0.4,list,2.2793540954589844
140,0.4,list,2.290771007537842
140,0.4,list,2.301892042160034
140,0.4,list,2.2279231548309326
140,0.4,list,2.2903239727020264
140,0.5,list,2.940675973892212
140,0.5,list,2.8740599155426025
140,0.5,list,2.8498737812042236
140,0.5,list,2.9318959712982178
140,0.5,list,2.9261341094970703
140,0.5,list,2.83718204498291
140,0.5,list,2.8747100830078125
140,0.5,list,2.8646299839019775
140,0.6,list,3.4834790229797363
140,0.6,list,3.465967893600464
140,0.6,list,3.4730377197265625
140,0.6,list,3.5779309272766113
140,0.6,list,3.422559976577759
140,0.6,list,3.4454660415649414
140,0.6,list,3.432910203933716
140,0.6,list,3.454249858856201
140,0.7,list,4.092036962509155
140,0.7,list,4.07587194442749
140,0.7,list,4.069234848022461
140,0.7,list,4.0736000537872314
140,0.7,list,4.071142196655273
140,0.7,list,4.078287839889526
140,0.7,list,4.040993928909302
140,0.7,list,4.038647174835205
140,0.8,list,4.661904811859131
140,0.8,list,4.703866004943848
140,0.8,list,4.660915851593018
140,0.8,list,4.683631896972656
140,0.8,list,4.655401945114136
140,0.8,list,4.676330327987671
140,0.8,list,4.6791651248931885
140,0.8,list,4.65704083442688
160,0.4,list,3.8645150661468506
160,0.4,list,3.8987948894500732
160,0.4,list,3.915867805480957
160,0.4,list,3.8784608840942383
160,0.4,list,3.87611985206604
160,0.4,list,3.9647939205169678
160,0.4,list,3.88757586479187
160,0.4,list,3.8655920028686523
160,0.5,list,4.896424770355225
160,0.5,list,4.941551923751831
160,0.5,list,4.889225959777832
160,0.5,list,4.95643424987793
160,0.5,list,4.957803964614868
160,0.5,list,4.930437803268433
160,0.5,list,4.97269082069397
160,0.5,list,4.870059013366699
160,0.6,list,5.881110191345215
160,0.6,list,5.9581780433654785
160,0.6,list,5.8538758754730225
160,0.6,list,5.873901128768921
160,0.6,list,5.904892921447754
160,0.6,list,5.932682991027832
160,0.6,list,5.755325078964233
160,0.6,list,5.979180812835693
160,0.7,list,6.925220966339111
160,0.7,list,6.9420530796051025
160,0.7,list,6.878535270690918
160,0.7,list,6.893037796020508
160,0.7,list,6.8039281368255615
160,0.7,list,6.985045909881592
160,0.7,list,18.42629313468933
160,0.7,list,7.2620720863342285
160,0.8,list,8.3905189037323
160,0.8,list,8.140460729598999
160,0.8,list,8.204506158828735
160,0.8,list,8.268698930740356
160,0.8,list,8.000823020935059
160,0.8,list,7.903259992599487
160,0.8,list,8.017387866973877
160,0.8,list,7.9692888259887695
180,0.4,list,6.251366138458252
180,0.4,list,6.301979303359985
180,0.4,list,6.236286163330078
180,0.4,list,6.275975227355957
180,0.4,list,6.208263874053955
180,0.4,list,6.310611009597778
180,0.4,list,6.304374933242798
180,0.4,list,6.229482889175415
180,0.5,list,7.897150993347168
180,0.5,list,7.853899002075195
180,0.5,list,7.895194053649902
180,0.5,list,7.8767249584198
180,0.5,list,7.894572019577026
180,0.5,list,7.789161920547485
180,0.5,list,7.821852922439575
180,0.5,list,7.771252870559692
180,0.6,list,9.40527892112732
180,0.6,list,9.480818748474121
180,0.6,list,9.52870488166809
180,0.6,list,9.261419773101807
180,0.6,list,9.50269103050232
180,0.6,list,9.499783039093018
180,0.6,list,9.410304069519043
180,0.6,list,9.52525520324707
180,0.7,list,11.088942766189575
180,0.7,list,11.001179933547974
180,0.7,list,11.132065057754517
180,0.7,list,11.126302003860474
180,0.7,list,11.104788064956665
180,0.7,list,10.960963010787964
180,0.7,list,10.969137907028198
180,0.7,list,11.041332960128784
180,0.8,list,12.579403162002563
180,0.8,list,12.739428758621216
180,0.8,list,12.613611698150635
180,0.8,list,12.561677694320679
180,0.8,list,12.69415807723999
180,0.8,list,12.629709005355835
180,0.8,list,12.721120119094849
180,0.8,list,12.786114931106567
200,0.4,list,9.630161762237549
200,0.4,list,9.670902013778687
200,0.4,list,9.4238760471344
200,0.4,list,9.449953079223633
200,0.4,list,9.354497194290161
200,0.4,list,9.38587498664856
200,0.4,list,9.495348930358887
200,0.4,list,9.514270067214966
200,0.5,list,12.376268148422241
200,0.5,list,11.970418930053711
200,0.5,list,11.82748818397522
200,0.5,list,11.928593158721924
200,0.5,list,12.482465744018555
200,0.5,list,12.037221908569336
200,0.5,list,11.950390815734863
200,0.5,list,11.840079069137573
200,0.6,list,14.208779096603394
200,0.6,list,14.28296709060669
200,0.6,list,14.33442997932434
200,0.6,list,14.289727210998535
200,0.6,list,14.378432035446167
200,0.6,list,14.390029907226562
200,0.6,list,14.379844903945923
200,0.6,list,14.34208607673645
200,0.7,list,16.839378833770752
200,0.7,list,16.790040969848633
200,0.7,list,16.88943600654602
200,0.7,list,16.900132656097412
200,0.7,list,17.026652336120605
200,0.7,list,16.828186750411987
200,0.7,list,16.78396511077881
200,0.7,list,16.843193769454956
200,0.8,list,19.233741760253906
200,0.8,list,19.1962571144104
200,0.8,list,19.134178161621094
200,0.8,list,19.15597414970398
200,0.8,list,19.17877459526062
200,0.8,list,19.351835012435913
200,0.8,list,19.101370096206665
200,0.8,list,19.282756805419922
20,0.4,matrix,0.0009357929229736328
20,0.4,matrix,0.000827789306640625
20,0.4,matrix,0.0009150505065917969
20,0.4,matrix,0.0006530284881591797
20,0.4,matrix,0.0010428428649902344
20,0.4,matrix,0.0007708072662353516
20,0.4,matrix,0.0006940364837646484
20,0.4,matrix,0.0011782646179199219
20,0.4,matrix,0.0008909702301025391
20,0.4,matrix,0.0009918212890625
20,0.4,matrix,0.0009560585021972656
20,0.4,matrix,0.0009479522705078125
20,0.4,matrix,0.0009789466857910156
20,0.4,matrix,0.0008640289306640625
20,0.4,matrix,0.0007159709930419922
20,0.4,matrix,0.0009410381317138672
20,0.4,matrix,0.001013040542602539
20,0.4,matrix,0.0007870197296142578
20,0.4,matrix,0.0009119510650634766
20,0.4,matrix,0.0008058547973632812
20,0.5,matrix,0.0011849403381347656
20,0.5,matrix,0.0012001991271972656
20,0.5,matrix,0.0013277530670166016
20,0.5,matrix,0.001219034194946289
20,0.5,matrix,0.0010540485382080078
20,0.5,matrix,0.0012309551239013672
20,0.5,matrix,0.0014181137084960938
20,0.5,matrix,0.00109100341796875
20,0.5,matrix,0.0012562274932861328
20,0.5,matrix,0.0010330677032470703
20,0.5,matrix,0.0012581348419189453
20,0.5,matrix,0.0010247230529785156
20,0.5,matrix,0.0012590885162353516
20,0.5,matrix,0.0012660026550292969
20,0.5,matrix,0.0014269351959228516
20,0.5,matrix,0.0013980865478515625
20,0.5,matrix,0.0012807846069335938
20,0.5,matrix,0.0012726783752441406
20,0.5,matrix,0.0014219284057617188
20,0.5,matrix,0.0013072490692138672
20,0.6,matrix,0.0016069412231445312
20,0.6,matrix,0.0016510486602783203
20,0.6,matrix,0.0015430450439453125
20,0.6,matrix,0.0015349388122558594
20,0.6,matrix,0.0014660358428955078
20,0.6,matrix,0.0014297962188720703
20,0.6,matrix,0.0015668869018554688
20,0.6,matrix,0.0016698837280273438
20,0.6,matrix,0.0014231204986572266
20,0.6,matrix,0.0015869140625
20,0.6,matrix,0.001508951187133789
20,0.6,matrix,0.0015387535095214844
20,0.6,matrix,0.0016372203826904297
20,0.6,matrix,0.0016140937805175781
20,0.6,matrix,0.0014882087707519531
20,0.6,matrix,0.00162506103515625
20,0.6,matrix,0.0016078948974609375
20,0.6,matrix,0.0016629695892333984
20,0.6,matrix,0.0014431476593017578
20,0.6,matrix,0.0014400482177734375
20,0.7,matrix,0.0018339157104492188
20,0.7,matrix,0.0018198490142822266
20,0.7,matrix,0.001875162124633789
20,0.7,matrix,0.0016529560089111328
20,0.7,matrix,0.0018529891967773438
20,0.7,matrix,0.0017511844635009766
20,0.7,matrix,0.0017540454864501953
20,0.7,matrix,0.0019278526306152344
20,0.7,matrix,0.0019078254699707031
20,0.7,matrix,0.0016779899597167969
20,0.7,matrix,0.0020668506622314453
20,0.7,matrix,0.0019571781158447266
20,0.7,matrix,0.00189208984375
20,0.7,matrix,0.0016887187957763672
20,0.7,matrix,0.0018239021301269531
20,0.7,matrix,0.0019388198852539062
20,0.7,matrix,0.001737833023071289
20,0.7,matrix,0.0018451213836669922
20,0.7,matrix,0.0020029544830322266
20,0.7,matrix,0.0017621517181396484
20,0.8,matrix,0.002145051956176758
20,0.8,matrix,0.0020470619201660156
20,0.8,matrix,0.002142190933227539
20,0.8,matrix,0.0022809505462646484
20,0.8,matrix,0.002048015594482422
20,0.8,matrix,0.0020377635955810547
20,0.8,matrix,0.0020041465759277344
20,0.8,matrix,0.002260923385620117
20,0.8,matrix,0.002053976058959961
20,0.8,matrix,0.0023310184478759766
20,0.8,matrix,0.0024700164794921875
20,0.8,matrix,0.002172231674194336
20,0.8,matrix,0.002331972122192383
20,0.8,matrix,0.002173900604248047
20,0.8,matrix,0.002012968063354492
20,0.8,matrix,0.0022399425506591797
20,0.8,matrix,0.002162933349609375
20,0.8,matrix,0.0021212100982666016
20,0.8,matrix,0.0020079612731933594
20,0.8,matrix,0.002248048782348633
40,0.4,matrix,0.014460086822509766
40,0.4,matrix,0.013796806335449219
40,0.4,matrix,0.016111135482788086
40,0.4,matrix,0.015977859497070312
40,0.4,matrix,0.01447296142578125
40,0.4,matrix,0.014477014541625977
40,0.4,matrix,0.014847993850708008
40,0.4,matrix,0.014853954315185547
40,0.4,matrix,0.015872955322265625
40,0.4,matrix,0.01585102081298828
40,0.4,matrix,0.016638994216918945
40,0.4,matrix,0.01635909080505371
40,0.4,matrix,0.014549016952514648
40,0.4,matrix,0.016198158264160156
40,0.4,matrix,0.014982938766479492
40,0.4,matrix,0.01627516746520996
40,0.4,matrix,0.015492916107177734
40,0.4,matrix,0.015555143356323242
40,0.4,matrix,0.014228105545043945
40,0.4,matrix,0.014574050903320312
40,0.5,matrix,0.018929004669189453
40,0.5,matrix,0.020876169204711914
40,0.5,matrix,0.018405914306640625
40,0.5,matrix,0.019021987915039062
40,0.5,matrix,0.02150702476501465
40,0.5,matrix,0.018663883209228516
40,0.5,matrix,0.019975900650024414
40,0.5,matrix,0.018923044204711914
40,0.5,matrix,0.019509553909301758
40,0.5,matrix,0.018786907196044922
40,0.5,matrix,0.019398927688598633
40,0.5,matrix,0.019723892211914062
40,0.5,matrix,0.02047109603881836
40,0.5,matrix,0.019997119903564453
40,0.5,matrix,0.019520044326782227
40,0.5,matrix,0.01988697052001953
40,0.5,matrix,0.018941879272460938
40,0.5,matrix,0.019244909286499023
40,0.5,matrix,0.01947307586669922
40,0.5,matrix,0.018728017807006836
40,0.6,matrix,0.02293992042541504
40,0.6,matrix,0.023194074630737305
40,0.6,matrix,0.023362159729003906
40,0.6,matrix,0.023190975189208984
40,0.6,matrix,0.024862051010131836
40,0.6,matrix,0.023424148559570312
40,0.6,matrix,0.022528886795043945
40,0.6,matrix,0.02494192123413086
40,0.6,matrix,0.022166967391967773
40,0.6,matrix,0.025629281997680664
40,0.6,matrix,0.023560047149658203
40,0.6,matrix,0.023865938186645508
40,0.6,matrix,0.0244600772857666
40,0.6,matrix,0.025541067123413086
40,0.6,matrix,0.02677178382873535
40,0.6,matrix,0.027585983276367188
40,0.6,matrix,0.029083967208862305
40,0.6,matrix,0.028534889221191406
40,0.6,matrix,0.027799129486083984
40,0.6,matrix,0.028709888458251953
40,0.7,matrix,0.03082108497619629
40,0.7,matrix,0.03114008903503418
40,0.7,matrix,0.02906322479248047
40,0.7,matrix,0.028532981872558594
40,0.7,matrix,0.029778003692626953
40,0.7,matrix,0.03119516372680664
40,0.7,matrix,0.029575109481811523
40,0.7,matrix,0.030419111251831055
40,0.7,matrix,0.02994084358215332
40,0.7,matrix,0.03133988380432129
40,0.7,matrix,0.02862071990966797
40,0.7,matrix,0.0300140380859375
40,0.7,matrix,0.0298004150390625
40,0.7,matrix,0.03020787239074707
40,0.7,matrix,0.028958797454833984
40,0.7,matrix,0.02790093421936035
40,0.7,matrix,0.028753995895385742
40,0.7,matrix,0.029651880264282227
40,0.7,matrix,0.028864145278930664
40,0.7,matrix,0.029838085174560547
40,0.8,matrix,0.03313422203063965
40,0.8,matrix,0.03419208526611328
40,0.8,matrix,0.03285098075866699
40,0.8,matrix,0.034438133239746094
40,0.8,matrix,0.03388333320617676
40,0.8,matrix,0.033837080001831055
40,0.8,matrix,0.03402304649353027
40,0.8,matrix,0.03459024429321289
40,0.8,matrix,0.0340878963470459
40,0.8,matrix,0.03290510177612305
40,0.8,matrix,0.03412818908691406
40,0.8,matrix,0.033601999282836914
40,0.8,matrix,0.03401517868041992
40,0.8,matrix,0.03304696083068848
40,0.8,matrix,0.032381296157836914
40,0.8,matrix,0.032238006591796875
40,0.8,matrix,0.034027099609375
40,0.8,matrix,0.03287005424499512
40,0.8,matrix,0.03205680847167969
40,0.8,matrix,0.03244614601135254
60,0.4,matrix,0.07754111289978027
60,0.4,matrix,0.07448792457580566
60,0.4,matrix,0.0727388858795166
60,0.4,matrix,0.07528972625732422
60,0.4,matrix,0.0799100399017334
60,0.4,matrix,0.07756996154785156
60,0.4,matrix,0.07953000068664551
60,0.4,matrix,0.08086395263671875
60,0.4,matrix,0.07698512077331543
60,0.4,matrix,0.07759284973144531
60,0.4,matrix,0.07620573043823242
60,0.4,matrix,0.07538819313049316
60,0.4,matrix,0.07447290420532227
60,0.4,matrix,0.07601690292358398
60,0.4,matrix,0.0751502513885498
60,0.4,matrix,0.07719087600708008
60,0.4,matrix,0.07843470573425293
60,0.4,matrix,0.07367992401123047
60,0.4,matrix,0.0791327953338623
60,0.4,matrix,0.07474684715270996
60,0.5,matrix,0.09581208229064941
60,0.5,matrix,0.0968618392944336
60,0.5,matrix,0.10136795043945312
60,0.5,matrix,0.09612011909484863
60,0.5,matrix,0.10038590431213379
60,0.5,matrix,0.09848499298095703
60,0.5,matrix,0.09732699394226074
60,0.5,matrix,0.09985685348510742
60,0.5,matrix,0.09727811813354492
60,0.5,matrix,0.09941792488098145
60,0.5,matrix,0.09657692909240723
60,0.5,matrix,0.09200167655944824
60,0.5,matrix,0.10459494590759277
60,0.5,matrix,0.10096287727355957
60,0.5,matrix,0.09694790840148926
60,0.5,matrix,0.10404300689697266
60,0.5,matrix,0.09437394142150879
60,0.5,matrix,0.09845089912414551
60,0.5,matrix,0.09844207763671875
60,0.5,matrix,0.09727001190185547
60,0.6,matrix,0.11475825309753418
60,0.6,matrix,0.1204233169555664
60,0.6,matrix,0.11528491973876953
60,0.6,matrix,0.11873817443847656
60,0.6,matrix,0.12079787254333496
60,0.6,matrix,0.12007498741149902
60,0.6,matrix,0.12147212028503418
60,0.6,matrix,0.11811399459838867
60,0.6,matrix,0.11719703674316406
60,0.6,matrix,0.11815500259399414
60,0.6,matrix,0.11832904815673828
60,0.6,matrix,0.11916899681091309
60,0.6,matrix,0.11520195007324219
60,0.6,matrix,0.12000203132629395
60,0.6,matrix,0.11821198463439941
60,0.6,matrix,0.1214301586151123
60,0.6,matrix,0.1207590103149414
60,0.6,matrix,0.11886191368103027
60,0.6,matrix,0.12030386924743652
60,0.6,matrix,0.11526679992675781
60,0.7,matrix,0.14060091972351074
60,0.7,matrix,0.1400468349456787
60,0.7,matrix,0.13768506050109863
60,0.7,matrix,0.13716721534729004
60,0.7,matrix,0.13560223579406738
60,0.7,matrix,0.13874602317810059
60,0.7,matrix,0.13996100425720215
60,0.7,matrix,0.13912200927734375
60,0.7,matrix,0.13773107528686523
60,0.7,matrix,0.1442420482635498
60,0.7,matrix,0.13632416725158691
60,0.7,matrix,0.13823390007019043
60,0.7,matrix,0.13945484161376953
60,0.7,matrix,0.14428019523620605
60,0.7,matrix,0.14804601669311523
60,0.7,matrix,0.14525580406188965
60,0.7,matrix,0.14966821670532227
60,0.7,matrix,0.14914727210998535
60,0.7,matrix,0.14355111122131348
60,0.7,matrix,0.1420438289642334
60,0.8,matrix,0.1639869213104248
60,0.8,matrix,0.1702582836151123
60,0.8,matrix,0.16099286079406738
60,0.8,matrix,0.15520787239074707
60,0.8,matrix,0.16708898544311523
60,0.8,matrix,0.1587069034576416
60,0.8,matrix,0.16531682014465332
60,0.8,matrix,0.16117382049560547
60,0.8,matrix,0.16176891326904297
60,0.8,matrix,0.1565871238708496
60,0.8,matrix,0.1595749855041504
60,0.8,matrix,0.16049408912658691
60,0.8,matrix,0.16248869895935059
60,0.8,matrix,0.16190218925476074
60,0.8,matrix,0.17090916633605957
60,0.8,matrix,0.15491271018981934
60,0.8,matrix,0.16216087341308594
60,0.8,matrix,0.16093182563781738
60,0.8,matrix,0.1608748435974121
60,0.8,matrix,0.16210412979125977
80,0.4,matrix,0.2489945888519287
80,0.4,matrix,0.2408280372619629
80,0.4,matrix,0.24546289443969727
80,0.4,matrix,0.23607563972473145
80,0.4,matrix,0.2455308437347412
80,0.4,matrix,0.252180814743042
80,0.4,matrix,0.25025105476379395
80,0.4,matrix,0.23800396919250488
80,0.4,matrix,0.24283194541931152
80,0.4,matrix,0.24262094497680664
80,0.4,matrix,0.24907898902893066
80,0.4,matrix,0.2323000431060791
80,0.4,matrix,0.24863409996032715
80,0.4,matrix,0.2366321086883545
80,0.4,matrix,0.24661803245544434
80,0.4,matrix,0.2386009693145752
80,0.4,matrix,0.24853181838989258
80,0.4,matrix,0.24660611152648926
80,0.4,matrix,0.24402880668640137
80,0.4,matrix,0.2364959716796875
80,0.5,matrix,0.3162109851837158
80,0.5,matrix,0.33898305892944336
80,0.5,matrix,0.30965089797973633
80,0.5,matrix,0.31855273246765137
80,0.5,matrix,0.31047773361206055
80,0.5,matrix,0.2973661422729492
80,0.5,matrix,0.30389404296875
80,0.5,matrix,0.31305599212646484
80,0.5,matrix,0.3185741901397705
80,0.5,matrix,0.30128002166748047
80,0.5,matrix,0.30597829818725586
80,0.5,matrix,0.31198883056640625
80,0.5,matrix,0.311337947845459
80,0.5,matrix,0.29193687438964844
80,0.5,matrix,0.3055899143218994
80,0.5,matrix,0.3128781318664551
80,0.5,matrix,0.3144550323486328
80,0.5,matrix,0.3156290054321289
80,0.5,matrix,0.3037989139556885
80,0.5,matrix,0.31151580810546875
80,0.6,matrix,0.3894200325012207
80,0.6,matrix,0.3752880096435547
80,0.6,matrix,0.37456321716308594
80,0.6,matrix,0.3623778820037842
80,0.6,matrix,0.3659970760345459
80,0.6,matrix,0.36079978942871094
80,0.6,matrix,0.38376402854919434
80,0.6,matrix,0.3715231418609619
80,0.6,matrix,0.39694905281066895
80,0.6,matrix,0.4083271026611328
80,0.6,matrix,0.3865218162536621
80,0.6,matrix,0.39143919944763184
80,0.6,matrix,0.3787240982055664
80,0.6,matrix,0.37261390686035156
80,0.6,matrix,0.3696560859680176
80,0.6,matrix,0.3786768913269043
80,0.6,matrix,0.36846303939819336
80,0.6,matrix,0.37086009979248047
80,0.6,matrix,0.37053990364074707
80,0.6,matrix,0.37583017349243164
80,0.7,matrix,0.43910717964172363
80,0.7,matrix,0.4399068355560303
80,0.7,matrix,0.4392070770263672
80,0.7,matrix,0.4318819046020508
80,0.7,matrix,0.43116211891174316
80,0.7,matrix,0.43900203704833984
80,0.7,matrix,0.44090700149536133
80,0.7,matrix,0.4347240924835205
80,0.7,matrix,0.4445760250091553
80,0.7,matrix,0.4369690418243408
80,0.7,matrix,0.43766307830810547
80,0.7,matrix,0.4677000045776367
80,0.7,matrix,0.45520687103271484
80,0.7,matrix,0.4463322162628174
80,0.7,matrix,0.44092392921447754
80,0.7,matrix,0.4406249523162842
80,0.7,matrix,0.4482579231262207
80,0.7,matrix,0.44490981101989746
80,0.7,matrix,0.4465060234069824
80,0.7,matrix,0.436830997467041
80,0.8,matrix,0.4984450340270996
80,0.8,matrix,0.5031466484069824
80,0.8,matrix,0.4971787929534912
80,0.8,matrix,0.5047240257263184
80,0.8,matrix,0.5030219554901123
80,0.8,matrix,0.4975879192352295
80,0.8,matrix,0.5050539970397949
80,0.8,matrix,0.5017478466033936
80,0.8,matrix,0.49846601486206055
80,0.8,matrix,0.5028989315032959
80,0.8,matrix,0.5305893421173096
80,0.8,matrix,0.5202548503875732
80,0.8,matrix,0.5106968879699707
80,0.8,matrix,0.5077908039093018
80,0.8,matrix,0.5009400844573975
80,0.8,matrix,0.5000948905944824
80,0.8,matrix,0.49935078620910645
80,0.8,matrix,0.502187967300415
80,0.8,matrix,0.4989140033721924
80,0.8,matrix,0.4992029666900635
100,0.4,matrix,0.6103816032409668
100,0.4,matrix,0.602849006652832
100,0.4,matrix,0.5967140197753906
100,0.4,matrix,0.5705668926239014
100,0.4,matrix,0.579444169998169
100,0.4,matrix,0.5790128707885742
100,0.4,matrix,0.574970006942749
100,0.4,matrix,0.6134169101715088
100,0.4,matrix,0.5921258926391602
100,0.4,matrix,0.5940160751342773
100,0.4,matrix,0.5937209129333496
100,0.4,matrix,0.5973649024963379
100,0.4,matrix,0.5724763870239258
100,0.4,matrix,0.6011979579925537
100,0.4,matrix,0.5887470245361328
100,0.4,matrix,0.5840451717376709
100,0.4,matrix,0.5885331630706787
100,0.4,matrix,0.5786378383636475
100,0.4,matrix,0.5869171619415283
100,0.4,matrix,0.603538990020752
100,0.5,matrix,0.7649009227752686
100,0.5,matrix,0.7358143329620361
100,0.5,matrix,0.7845830917358398
100,0.5,matrix,0.7583539485931396
100,0.5,matrix,0.737102746963501
100,0.5,matrix,0.7445838451385498
100,0.5,matrix,0.7395460605621338
100,0.5,matrix,0.7532317638397217
100,0.5,matrix,0.72802734375
100,0.5,matrix,0.7411110401153564
100,0.5,matrix,0.7414498329162598
100,0.5,matrix,0.7484169006347656
100,0.5,matrix,0.7283759117126465
100,0.5,matrix,0.7423291206359863
100,0.5,matrix,0.7460160255432129
100,0.5,matrix,0.773766279220581
100,0.5,matrix,0.7617130279541016
100,0.5,matrix,0.7315399646759033
100,0.5,matrix,0.739346981048584
100,0.5,matrix,0.7524080276489258
100,0.6,matrix,0.8861122131347656
100,0.6,matrix,0.904771089553833
100,0.6,matrix,0.9016671180725098
100,0.6,matrix,0.8991987705230713
100,0.6,matrix,0.8919198513031006
100,0.6,matrix,0.9164011478424072
100,0.6,matrix,0.935060977935791
100,0.6,matrix,0.9085953235626221
100,0.6,matrix,0.8870770931243896
100,0.6,matrix,0.8945021629333496
100,0.6,matrix,0.8942861557006836
100,0.6,matrix,0.8930392265319824
100,0.6,matrix,0.9033281803131104
100,0.6,matrix,0.9145972728729248
100,0.6,matrix,0.8986341953277588
100,0.6,matrix,0.9230260848999023
100,0.6,matrix,0.9479272365570068
100,0.6,matrix,0.8897998332977295
100,0.6,matrix,0.8926761150360107
100,0.6,matrix,0.9070708751678467
100,0.7,matrix,1.0709199905395508
100,0.7,matrix,1.0742650032043457
100,0.7,matrix,1.0504677295684814
100,0.7,matrix,1.0561270713806152
100,0.7,matrix,1.0379252433776855
100,0.7,matrix,1.0884499549865723
100,0.7,matrix,1.0709948539733887
100,0.7,matrix,1.0657250881195068
100,0.7,matrix,1.0469250679016113
100,0.7,matrix,1.0630829334259033
100,0.7,matrix,1.0548410415649414
100,0.7,matrix,1.062973976135254
100,0.7,matrix,1.058574914932251
100,0.7,matrix,1.1037299633026123
100,0.7,matrix,1.0685951709747314
100,0.7,matrix,1.038628101348877
100,0.7,matrix,1.058527946472168
100,0.7,matrix,1.0504889488220215
100,0.7,matrix,1.0488438606262207
100,0.7,matrix,1.0478620529174805
100,0.8,matrix,1.2054288387298584
100,0.8,matrix,1.255864143371582
100,0.8,matrix,1.2306840419769287
100,0.8,matrix,1.2278211116790771
100,0.8,matrix,1.2203569412231445
100,0.8,matrix,1.212695837020874
100,0.8,matrix,1.2027270793914795
100,0.8,matrix,1.203866958618164
100,0.8,matrix,1.2135343551635742
100,0.8,matrix,1.257702112197876
100,0.8,matrix,1.2066540718078613
100,0.8,matrix,1.2124607563018799
100,0.8,matrix,1.2095308303833008
100,0.8,matrix,1.2064568996429443
100,0.8,matrix,1.2177820205688477
100,0.8,matrix,1.2270450592041016
100,0.8,matrix,1.2757339477539062
100,0.8,matrix,1.2176051139831543
100,0.8,matrix,1.2205450534820557
100,0.8,matrix,1.2231616973876953
120,0.4,matrix,1.242483139038086
120,0.4,matrix,1.1963319778442383
120,0.4,matrix,1.2398431301116943
120,0.4,matrix,1.252134084701538
120,0.4,matrix,1.215041160583496
120,0.4,matrix,1.2468101978302002
120,0.4,matrix,1.2241721153259277
120,0.4,matrix,1.2315609455108643
120,0.4,matrix,1.1832761764526367
120,0.4,matrix,1.2075767517089844
120,0.4,matrix,1.222862958908081
120,0.4,matrix,1.2725260257720947
120,0.4,matrix,1.2128119468688965
120,0.4,matrix,1.2364699840545654
120,0.4,matrix,1.2190251350402832
120,0.4,matrix,1.2291860580444336
120,0.4,matrix,1.199657917022705
120,0.4,matrix,1.260998010635376
120,0.4,matrix,1.2236497402191162
120,0.4,matrix,1.2136168479919434
120,0.5,matrix,1.5451488494873047
120,0.5,matrix,1.5274560451507568
120,0.5,matrix,1.552201271057129
120,0.5,matrix,1.5755679607391357
120,0.5,matrix,1.5632202625274658
120,0.5,matrix,1.6236259937286377
120,0.5,matrix,1.5434112548828125
120,0.5,matrix,1.542449951171875
120,0.5,matrix,1.5871858596801758
120,0.5,matrix,1.5508899688720703
120,0.5,matrix,1.5220551490783691
120,0.5,matrix,1.5831298828125
120,0.5,matrix,1.540558099746704
120,0.5,matrix,1.56856107711792
120,0.5,matrix,1.5278222560882568
120,0.5,matrix,1.5491340160369873
120,0.5,matrix,1.5483319759368896
120,0.5,matrix,1.557795763015747
120,0.5,matrix,1.525519847869873
120,0.5,matrix,1.5177390575408936
120,0.6,matrix,1.881953239440918
120,0.6,matrix,1.8944032192230225
120,0.6,matrix,1.9212172031402588
120,0.6,matrix,1.8505780696868896
120,0.6,matrix,1.8478591442108154
120,0.6,matrix,1.8591980934143066
120,0.6,matrix,1.8789398670196533
120,0.6,matrix,1.9194188117980957
120,0.6,matrix,1.8382830619812012
120,0.6,matrix,1.860537052154541
120,0.6,matrix,1.8428208827972412
120,0.6,matrix,1.8620679378509521
120,0.6,matrix,1.9209990501403809
120,0.6,matrix,1.850210189819336
120,0.6,matrix,1.8626182079315186
120,0.6,matrix,1.852017879486084
120,0.6,matrix,1.8729021549224854
120,0.6,matrix,1.9411509037017822
120,0.6,matrix,1.8875908851623535
120,0.6,matrix,1.8646221160888672
120,0.7,matrix,2.1598961353302
120,0.7,matrix,2.235821008682251
120,0.7,matrix,2.1850640773773193
120,0.7,matrix,2.1768620014190674
120,0.7,matrix,2.1713461875915527
120,0.7,matrix,2.199187994003296
120,0.7,matrix,2.1620771884918213
120,0.7,matrix,2.1897690296173096
120,0.7,matrix,2.1991288661956787
120,0.7,matrix,2.2035961151123047
120,0.7,matrix,2.175279140472412
120,0.7,matrix,2.1805503368377686
120,0.7,matrix,2.187356948852539
120,0.7,matrix,2.2078258991241455
120,0.7,matrix,2.206364154815674
120,0.7,matrix,2.1917600631713867
120,0.7,matrix,2.1676900386810303
120,0.7,matrix,2.2184009552001953
120,0.7,matrix,2.226516008377075
120,0.7,matrix,2.197923183441162
120,0.8,matrix,2.497917890548706
120,0.8,matrix,2.515421152114868
120,0.8,matrix,2.513361930847168
120,0.8,matrix,2.4853129386901855
120,0.8,matrix,2.496507167816162
120,0.8,matrix,2.599949836730957
120,0.8,matrix,2.4965720176696777
120,0.8,matrix,2.51470685005188
120,0.8,matrix,2.5268280506134033
120,0.8,matrix,2.494434118270874
120,0.8,matrix,2.5186638832092285
120,0.8,matrix,2.5258591175079346
120,0.8,matrix,2.5785880088806152
120,0.8,matrix,2.518134117126465
120,0.8,matrix,2.5206377506256104
120,0.8,matrix,2.534653902053833
120,0.8,matrix,2.5145621299743652
120,0.8,matrix,2.5166518688201904
120,0.8,matrix,2.4783051013946533
120,0.8,matrix,2.5683329105377197
140,0.4,matrix,2.2207229137420654
140,0.4,matrix,2.2344789505004883
140,0.4,matrix,2.279707193374634
140,0.4,matrix,2.281921148300171
140,0.4,matrix,2.254544973373413
140,0.4,matrix,2.2412662506103516
140,0.4,matrix,2.3060009479522705
140,0.4,matrix,2.314039707183838
140,0.4,matrix,2.305743932723999
140,0.4,matrix,2.2579777240753174
140,0.4,matrix,2.2707619667053223
140,0.4,matrix,2.313178300857544
140,0.4,matrix,2.2571959495544434
140,0.4,matrix,2.29665207862854
140,0.4,matrix,2.2686939239501953
140,0.4,matrix,2.2687838077545166
140,0.4,matrix,2.3049139976501465
140,0.4,matrix,2.2995121479034424
140,0.4,matrix,2.220348834991455
140,0.4,matrix,2.278848886489868
140,0.5,matrix,2.8455429077148438
140,0.5,matrix,2.8240392208099365
140,0.5,matrix,2.8333539962768555
140,0.5,matrix,2.9371049404144287
140,0.5,matrix,2.8785698413848877
140,0.5,matrix,2.858694076538086
140,0.5,matrix,2.9036481380462646
140,0.5,matrix,2.8147778511047363
140,0.5,matrix,2.8375790119171143
140,0.5,matrix,2.9370648860931396
140,0.5,matrix,2.9122440814971924
140,0.5,matrix,2.911247730255127
140,0.5,matrix,2.9089159965515137
140,0.5,matrix,2.854559898376465
140,0.5,matrix,2.942706823348999
140,0.5,matrix,2.849407911300659
140,0.5,matrix,2.856666088104248
140,0.5,matrix,2.8744938373565674
140,0.5,matrix,2.869257926940918
140,0.5,matrix,2.873538017272949
140,0.6,matrix,3.4694526195526123
140,0.6,matrix,3.42594575881958
140,0.6,matrix,3.4634249210357666
140,0.6,matrix,3.480734348297119
140,0.6,matrix,3.4670400619506836
140,0.6,matrix,3.487346887588501
140,0.6,matrix,3.4603042602539062
140,0.6,matrix,3.4793200492858887
140,0.6,matrix,3.4999568462371826
140,0.6,matrix,3.468273162841797
140,0.6,matrix,3.4397928714752197
140,0.6,matrix,3.4160189628601074
140,0.6,matrix,3.4671988487243652
140,0.6,matrix,3.4422762393951416
140,0.6,matrix,3.387732982635498
140,0.6,matrix,3.4702069759368896
140,0.6,matrix,3.495410919189453
140,0.6,matrix,3.5167648792266846
140,0.6,matrix,3.4987242221832275
140,0.6,matrix,3.4371159076690674
140,0.7,matrix,4.065315008163452
140,0.7,matrix,4.0384039878845215
140,0.7,matrix,4.3664391040802
140,0.7,matrix,4.489243984222412
140,0.7,matrix,4.302141189575195
140,0.7,matrix,4.162569046020508
140,0.7,matrix,4.203237056732178
140,0.7,matrix,4.077502012252808
140,0.7,matrix,4.152511119842529
140,0.7,matrix,4.083214044570923
140,0.7,matrix,4.053819894790649
140,0.7,matrix,4.118322849273682
140,0.7,matrix,4.018663167953491
140,0.7,matrix,4.097416877746582
140,0.7,matrix,4.012292861938477
140,0.7,matrix,4.092640161514282
140,0.7,matrix,4.060916900634766
140,0.7,matrix,4.059030771255493
140,0.7,matrix,4.0378289222717285
140,0.7,matrix,4.074706077575684
140,0.8,matrix,4.655483245849609
140,0.8,matrix,4.686043739318848
140,0.8,matrix,4.6335039138793945
140,0.8,matrix,4.680720090866089
140,0.8,matrix,4.672099828720093
140,0.8,matrix,4.712695837020874
140,0.8,matrix,4.614941120147705
140,0.8,matrix,4.7163238525390625
140,0.8,matrix,4.654001951217651
140,0.8,matrix,4.697493076324463
140,0.8,matrix,4.63840913772583
140,0.8,matrix,4.713014125823975
140,0.8,matrix,4.640892028808594
140,0.8,matrix,4.720659017562866
140,0.8,matrix,4.617853879928589
140,0.8,matrix,4.612784147262573
140,0.8,matrix,4.640807867050171
140,0.8,matrix,4.680740833282471
140,0.8,matrix,4.682710886001587
140,0.8,matrix,4.663159132003784
160,0.4,matrix,3.957611083984375
160,0.4,matrix,3.8778622150421143
160,0.4,matrix,3.8872601985931396
160,0.4,matrix,3.9257688522338867
160,0.4,matrix,3.866286039352417
160,0.4,matrix,3.913422107696533
160,0.4,matrix,3.890763759613037
160,0.4,matrix,3.8977253437042236
160,0.4,matrix,3.8650708198547363
160,0.4,matrix,3.870573043823242
160,0.4,matrix,3.854372978210449
160,0.4,matrix,3.822136878967285
160,0.4,matrix,3.8367393016815186
160,0.4,matrix,3.908355236053467
160,0.4,matrix,3.8100438117980957
160,0.4,matrix,3.889092206954956
160,0.4,matrix,3.932136058807373
160,0.4,matrix,3.8825299739837646
160,0.4,matrix,3.850311756134033
160,0.4,matrix,3.8068859577178955
160,0.5,matrix,4.9508538246154785
160,0.5,matrix,4.865302085876465
160,0.5,matrix,4.93698525428772
160,0.5,matrix,4.7880730628967285
160,0.5,matrix,4.814045190811157
160,0.5,matrix,4.819790840148926
160,0.5,matrix,4.942309141159058
160,0.5,matrix,4.958384275436401
160,0.5,matrix,4.774119138717651
160,0.5,matrix,4.9324140548706055
160,0.5,matrix,4.869312047958374
160,0.5,matrix,4.881531000137329
160,0.5,matrix,4.829434871673584
160,0.5,matrix,4.913691282272339
160,0.5,matrix,4.89181113243103
160,0.5,matrix,4.9447150230407715
160,0.5,matrix,4.891660213470459
160,0.5,matrix,4.876028776168823
160,0.5,matrix,4.816132068634033
160,0.5,matrix,4.815312147140503
160,0.6,matrix,5.78375506401062
160,0.6,matrix,5.925256967544556
160,0.6,matrix,5.942101955413818
160,0.6,matrix,5.894104719161987
160,0.6,matrix,5.912100076675415
160,0.6,matrix,5.964201927185059
160,0.6,matrix,5.847833156585693
160,0.6,matrix,5.846222877502441
160,0.6,matrix,5.944875001907349
160,0.6,matrix,5.844877004623413
160,0.6,matrix,5.970034837722778
160,0.6,matrix,5.905986785888672
160,0.6,matrix,5.77156400680542
160,0.6,matrix,5.890417098999023
160,0.6,matrix,5.858213663101196
160,0.6,matrix,5.910052061080933
160,0.6,matrix,5.9138171672821045
160,0.6,matrix,5.870213031768799
160,0.6,matrix,5.766095161437988
160,0.6,matrix,5.9304938316345215
160,0.7,matrix,6.899842977523804
160,0.7,matrix,6.9073450565338135
160,0.7,matrix,6.933187007904053
160,0.7,matrix,6.963908910751343
160,0.7,matrix,6.943772792816162
160,0.7,matrix,6.8848700523376465
160,0.7,matrix,6.814267158508301
160,0.7,matrix,6.901614189147949
160,0.7,matrix,6.920216083526611
160,0.7,matrix,6.913172960281372
160,0.7,matrix,6.971938133239746
160,0.7,matrix,6.890069961547852
160,0.7,matrix,6.912992000579834
160,0.7,matrix,6.951123952865601
160,0.7,matrix,6.820150136947632
160,0.7,matrix,6.9124932289123535
160,0.7,matrix,6.871377944946289
160,0.7,matrix,6.944104909896851
160,0.7,matrix,6.937202215194702
160,0.7,matrix,6.839166164398193
160,0.8,matrix,7.906327962875366
160,0.8,matrix,7.914639711380005
160,0.8,matrix,7.930010080337524
160,0.8,matrix,36.73828101158142
160,0.8,matrix,7.921236991882324
160,0.8,matrix,7.872721910476685
160,0.8,matrix,7.901932001113892
160,0.8,matrix,7.822782278060913
160,0.8,matrix,529.0498471260071
160,0.8,matrix,7.6832640171051025
160,0.8,matrix,7.8546929359436035
160,0.8,matrix,7.838817119598389
160,0.8,matrix,7.867879867553711
160,0.8,matrix,7.820953130722046
160,0.8,matrix,546.2966198921204
160,0.8,matrix,7.759261131286621
160,0.8,matrix,7.865946054458618
160,0.8,matrix,7.758185863494873
160,0.8,matrix,7.738893032073975
160,0.8,matrix,7.718206882476807
180,0.4,matrix,6.132558107376099
180,0.4,matrix,6.116765975952148
180,0.4,matrix,6.0951690673828125
180,0.4,matrix,6.239388942718506
180,0.4,matrix,6.126816987991333
180,0.4,matrix,6.081164121627808
180,0.4,matrix,6.174962997436523
180,0.4,matrix,6.2042388916015625
180,0.4,matrix,6.13638710975647
180,0.4,matrix,6.115077257156372
180,0.4,matrix,6.080976963043213
180,0.4,matrix,6.087145805358887
180,0.4,matrix,6.203908205032349
180,0.4,matrix,6.1180033683776855
180,0.4,matrix,6.186035871505737
180,0.4,matrix,6.234350919723511
180,0.4,matrix,6.163407802581787
180,0.4,matrix,6.235476970672607
180,0.4,matrix,6.357803821563721
180,0.4,matrix,6.084528923034668
180,0.5,matrix,7.779786825180054
180,0.5,matrix,7.742386817932129
180,0.5,matrix,7.783820152282715
180,0.5,matrix,7.727605819702148
180,0.5,matrix,7.796834707260132
180,0.5,matrix,7.649994611740112
180,0.5,matrix,7.836695909500122
180,0.5,matrix,7.798184156417847
180,0.5,matrix,7.785775899887085
180,0.5,matrix,7.812294960021973
180,0.5,matrix,7.794917821884155
180,0.5,matrix,7.660799026489258
180,0.5,matrix,7.698534250259399
180,0.5,matrix,7.884873867034912
180,0.5,matrix,158.68656587600708
180,0.5,matrix,7.763543605804443
180,0.5,matrix,7.782670736312866
180,0.5,matrix,7.618918180465698
180,0.5,matrix,7.706683874130249
180,0.5,matrix,7.6422340869903564
180,0.6,matrix,9.28517198562622
180,0.6,matrix,9.198081016540527
180,0.6,matrix,9.38555383682251
180,0.6,matrix,9.217425346374512
180,0.6,matrix,9.328818798065186
180,0.6,matrix,9.26189398765564
180,0.6,matrix,9.27872371673584
180,0.6,matrix,9.559128046035767
180,0.6,matrix,9.228418827056885
180,0.6,matrix,9.398067951202393
180,0.6,matrix,9.427582025527954
180,0.6,matrix,9.383315324783325
180,0.6,matrix,9.508601188659668
180,0.6,matrix,9.245521783828735
180,0.6,matrix,9.365885972976685
180,0.6,matrix,9.45209813117981
180,0.6,matrix,9.273293733596802
180,0.6,matrix,9.337576150894165
180,0.6,matrix,9.267494916915894
180,0.6,matrix,9.376538038253784
180,0.7,matrix,10.918215990066528
180,0.7,matrix,10.84257984161377
180,0.7,matrix,10.99648904800415
180,0.7,matrix,10.957802057266235
180,0.7,matrix,10.839233875274658
180,0.7,matrix,10.92641305923462
180,0.7,matrix,11.053044080734253
180,0.7,matrix,10.902424097061157
180,0.7,matrix,10.820477962493896
180,0.7,matrix,10.868819952011108
180,0.7,matrix,11.028749942779541
180,0.7,matrix,10.906635046005249
180,0.7,matrix,10.937664031982422
180,0.7,matrix,10.853763103485107
180,0.7,matrix,11.145928859710693
180,0.7,matrix,10.955397129058838
180,0.7,matrix,10.94170594215393
180,0.7,matrix,10.987223148345947
180,0.7,matrix,11.046262741088867
180,0.7,matrix,11.026212215423584
180,0.8,matrix,12.57257890701294
180,0.8,matrix,12.476722955703735
180,0.8,matrix,12.546519041061401
180,0.8,matrix,12.557599067687988
180,0.8,matrix,12.438899993896484
180,0.8,matrix,12.733786821365356
180,0.8,matrix,12.463232040405273
180,0.8,matrix,12.625455856323242
180,0.8,matrix,281.7265248298645
180,0.8,matrix,12.425034046173096
180,0.8,matrix,13.068238019943237
180,0.8,matrix,12.495020866394043
180,0.8,matrix,12.574562788009644
180,0.8,matrix,12.429692029953003
180,0.8,matrix,12.429241180419922
180,0.8,matrix,12.49377989768982
180,0.8,matrix,12.460095882415771
180,0.8,matrix,12.508609056472778
180,0.8,matrix,12.568923950195312
180,0.8,matrix,12.519981145858765
200,0.4,matrix,9.394554138183594
200,0.4,matrix,9.373012065887451
200,0.4,matrix,9.41942286491394
200,0.4,matrix,9.32390308380127
200,0.4,matrix,9.519207954406738
200,0.4,matrix,9.359736204147339
200,0.4,matrix,9.481476783752441
200,0.4,matrix,9.540807008743286
200,0.4,matrix,9.314402103424072
200,0.4,matrix,9.431176900863647
200,0.4,matrix,9.268484115600586
200,0.4,matrix,9.452178001403809
200,0.4,matrix,9.499476194381714
200,0.4,matrix,9.382731199264526
200,0.4,matrix,9.287954807281494
200,0.4,matrix,9.32609510421753
200,0.4,matrix,9.366015911102295
200,0.4,matrix,9.310220003128052
200,0.4,matrix,9.374787092208862
200,0.4,matrix,9.380699872970581
200,0.5,matrix,11.994142055511475
200,0.5,matrix,12.03266191482544
200,0.5,matrix,11.7415132522583
200,0.5,matrix,11.868460893630981
200,0.5,matrix,11.87888503074646
200,0.5,matrix,11.730062246322632
200,0.5,matrix,11.76763391494751
200,0.5,matrix,11.803627729415894
200,0.5,matrix,11.842333316802979
200,0.5,matrix,11.8572359085083
200,0.5,matrix,11.889450073242188
200,0.5,matrix,11.752017974853516
200,0.5,matrix,11.822873830795288
200,0.5,matrix,11.815709829330444
200,0.5,matrix,11.788589715957642
200,0.5,matrix,11.724637031555176
200,0.5,matrix,11.836560010910034
200,0.5,matrix,11.882147073745728
200,0.5,matrix,11.692698955535889
200,0.5,matrix,11.77892804145813
200,0.6,matrix,14.155303239822388
200,0.6,matrix,14.589179039001465
200,0.6,matrix,14.432642221450806
200,0.6,matrix,14.387362957000732
200,0.6,matrix,14.2516508102417
200,0.6,matrix,14.280959129333496
200,0.6,matrix,14.096599102020264
200,0.6,matrix,14.35277795791626
200,0.6,matrix,14.217352151870728
200,0.6,matrix,42.97143030166626
200,0.6,matrix,14.33188509941101
200,0.6,matrix,14.118167877197266
200,0.6,matrix,946.611711025238
200,0.6,matrix,14.055619955062866
200,0.6,matrix,14.18879508972168
200,0.6,matrix,14.220154047012329
200,0.6,matrix,14.267516136169434
200,0.6,matrix,14.143841028213501
200,0.6,matrix,14.081039905548096
200,0.6,matrix,14.286401987075806
200,0.7,matrix,16.473577976226807
200,0.7,matrix,16.46122908592224
200,0.7,matrix,16.49747395515442
200,0.7,matrix,16.46739387512207
200,0.7,matrix,16.67436695098877
200,0.7,matrix,16.673019886016846
200,0.7,matrix,16.51570200920105
200,0.7,matrix,16.486740350723267
200,0.7,matrix,16.692041873931885
200,0.7,matrix,16.681497812271118
200,0.7,matrix,953.6186811923981
200,0.7,matrix,16.575071096420288
200,0.7,matrix,16.579001903533936
200,0.7,matrix,16.662397861480713
200,0.7,matrix,16.442928791046143
200,0.7,matrix,16.482619047164917
200,0.7,matrix,16.63899302482605
200,0.7,matrix,16.61548900604248
200,0.7,matrix,16.549999952316284
200,0.7,matrix,16.657504081726074
200,0.8,matrix,18.91655993461609
200,0.8,matrix,19.09423303604126
200,0.8,matrix,18.963146924972534
200,0.8,matrix,19.08940291404724
200,0.8,matrix,19.000017881393433
200,0.8,matrix,19.10256600379944
200,0.8,matrix,19.021220922470093
200,0.8,matrix,18.925094842910767
200,0.8,matrix,34.9786159992218
200,0.8,matrix,18.918761014938354
200,0.8,matrix,18.92804193496704
200,0.8,matrix,18.83903408050537
200,0.8,matrix,18.97640109062195
200,0.8,matrix,19.11185097694397
200,0.8,matrix,19.09314203262329
200,0.8,matrix,18.9900119304657
200,0.8,matrix,19.140805959701538
200,0.8,matrix,19.0367329120636
200,0.8,matrix,19.021666049957275
200,0.8,matrix,19.101083993911743
